{"assets/fonts/montserrat_medium.ttf":["assets/fonts/montserrat_medium.ttf"],"assets/fonts/montserrat_regular.ttf":["assets/fonts/montserrat_regular.ttf"],"assets/fonts/montserrat_semiBold.ttf":["assets/fonts/montserrat_semiBold.ttf"],"assets/fonts/roboto_bold.ttf":["assets/fonts/roboto_bold.ttf"],"assets/fonts/roboto_medium.ttf":["assets/fonts/roboto_medium.ttf"],"assets/fonts/sf_pro_bold.OTF":["assets/fonts/sf_pro_bold.OTF"],"assets/fonts/sf_pro_regular.OTF":["assets/fonts/sf_pro_regular.OTF"],"assets/fonts/sf_pro_semibold.OTF":["assets/fonts/sf_pro_semibold.OTF"],"assets/images/common/app_logo.png":["assets/images/common/app_logo.png"],"assets/images/common/apple_icon.png":["assets/images/common/apple_icon.png"],"assets/images/common/back_arrow_ic.png":["assets/images/common/back_arrow_ic.png"],"assets/images/common/bottom_logo.png":["assets/images/common/bottom_logo.png"],"assets/images/common/change_pass_img.png":["assets/images/common/change_pass_img.png"],"assets/images/common/double_check.png":["assets/images/common/double_check.png"],"assets/images/common/easy_service_img.png":["assets/images/common/easy_service_img.png"],"assets/images/common/empty_notification_grey.png":["assets/images/common/empty_notification_grey.png"],"assets/images/common/error_ic.png":["assets/images/common/error_ic.png"],"assets/images/common/fb_icon.png":["assets/images/common/fb_icon.png"],"assets/images/common/forgot_pass_img.png":["assets/images/common/forgot_pass_img.png"],"assets/images/common/forward_arrow.png":["assets/images/common/forward_arrow.png"],"assets/images/common/google_icon.png":["assets/images/common/google_icon.png"],"assets/images/common/home_makeover_img.png":["assets/images/common/home_makeover_img.png"],"assets/images/common/location_direction_ic.png":["assets/images/common/location_direction_ic.png"],"assets/images/common/location_icon.png":["assets/images/common/location_icon.png"],"assets/images/common/message_icon.png":["assets/images/common/message_icon.png"],"assets/images/common/no_img.png":["assets/images/common/no_img.png"],"assets/images/common/no_internet_ic.png":["assets/images/common/no_internet_ic.png"],"assets/images/common/no_profile_img.jpg":["assets/images/common/no_profile_img.jpg"],"assets/images/common/otp_img.png":["assets/images/common/otp_img.png"],"assets/images/common/qualified_profesional_img.png":["assets/images/common/qualified_profesional_img.png"],"assets/images/common/question_circle.png":["assets/images/common/question_circle.png"],"assets/images/common/seen_notification.png":["assets/images/common/seen_notification.png"],"assets/images/common/splash_logo.png":["assets/images/common/splash_logo.png"],"assets/images/common/success_ic.png":["assets/images/common/success_ic.png"],"assets/images/common/total_time_ic.png":["assets/images/common/total_time_ic.png"],"assets/images/common/unseen_notification.png":["assets/images/common/unseen_notification.png"],"assets/images/customer/empty_cart_img.png":["assets/images/customer/empty_cart_img.png"],"assets/images/customer/left_search_ic.png":["assets/images/customer/left_search_ic.png"],"assets/images/customer/map_pin_ic.png":["assets/images/customer/map_pin_ic.png"],"assets/images/customer/scale_color_1.png":["assets/images/customer/scale_color_1.png"],"assets/images/customer/search_go_ic.png":["assets/images/customer/search_go_ic.png"],"assets/images/vendor/add_image.png":["assets/images/vendor/add_image.png"],"assets/images/vendor/bank_ic.png":["assets/images/vendor/bank_ic.png"],"assets/images/vendor/bank_image.png":["assets/images/vendor/bank_image.png"],"assets/images/vendor/camera_img.png":["assets/images/vendor/camera_img.png"],"assets/images/vendor/change_pass_ic.png":["assets/images/vendor/change_pass_ic.png"],"assets/images/vendor/edit_service_ic.png":["assets/images/vendor/edit_service_ic.png"],"assets/images/vendor/home_ic.png":["assets/images/vendor/home_ic.png"],"assets/images/vendor/home_location_ic.png":["assets/images/vendor/home_location_ic.png"],"assets/images/vendor/logout_ic.png":["assets/images/vendor/logout_ic.png"],"assets/images/vendor/money_icon.png":["assets/images/vendor/money_icon.png"],"assets/images/vendor/payment_ic.png":["assets/images/vendor/payment_ic.png"],"assets/images/vendor/payment_img.png":["assets/images/vendor/payment_img.png"],"assets/images/vendor/profile_ic.png":["assets/images/vendor/profile_ic.png"],"assets/images/vendor/schedule_img.png":["assets/images/vendor/schedule_img.png"],"assets/images/vendor/services_ic.png":["assets/images/vendor/services_ic.png"],"assets/images/vendor/sorry_decline_ic.png":["assets/images/vendor/sorry_decline_ic.png"],"assets/images/vendor/time_ic.png":["assets/images/vendor/time_ic.png"],"assets/images/vendor/under_approval_img.png":["assets/images/vendor/under_approval_img.png"],"packages/cupertino_icons/assets/CupertinoIcons.ttf":["packages/cupertino_icons/assets/CupertinoIcons.ttf"],"packages/sn_progress_dialog/images/cancel.png":["packages/sn_progress_dialog/images/cancel.png"],"packages/sn_progress_dialog/images/completed.png":["packages/sn_progress_dialog/images/completed.png"]}