[{"family":"MaterialIcons","fonts":[{"asset":"fonts/MaterialIcons-Regular.otf"}]},{"family":"roboto_bold","fonts":[{"asset":"assets/fonts/roboto_bold.ttf"}]},{"family":"roboto_medium","fonts":[{"asset":"assets/fonts/roboto_medium.ttf"}]},{"family":"montserrat_medium","fonts":[{"asset":"assets/fonts/montserrat_medium.ttf"}]},{"family":"montserrat_regular","fonts":[{"asset":"assets/fonts/montserrat_regular.ttf"}]},{"family":"montserrat_semiBold","fonts":[{"asset":"assets/fonts/montserrat_semiBold.ttf"}]},{"family":"sf_pro_regular","fonts":[{"asset":"assets/fonts/sf_pro_regular.OTF"}]},{"family":"sf_pro_semibold","fonts":[{"asset":"assets/fonts/sf_pro_semibold.OTF"}]},{"family":"sf_pro_bold","fonts":[{"asset":"assets/fonts/sf_pro_bold.OTF"}]},{"family":"packages/cupertino_icons/CupertinoIcons","fonts":[{"asset":"packages/cupertino_icons/assets/CupertinoIcons.ttf"}]}]